-0.002389937,-0.002091195,0.00100952,-0.002170972,0.0000906,0.000113594,0.000547794,0.000718223,0.0000213,0.00000363,0.001010757,0.000983676,-1
-0.002484277,-0.002169811,0.00075231,0.000789923,0.0000855,0.000112959,0.000554404,0.000679401,0.00002,0.00000306,0.001013102,0.00098069,-1
-0.002751572,-0.002468553,0.000998303,0.002989055,0.0000868,0.000114275,0.000555231,0.000621166,0.0000213,0.00000431,0.001038154,0.00098835,-1
-0.002924528,-0.002657233,0.001240006,0.003281818,0.0000925,0.000116491,0.000563493,0.000485286,0.0000259,0.00000623,0.001069025,0.001008567,1
-0.003050314,-0.002783019,0.001476363,0.000550457,0.0000901,0.000116191,0.000602326,0.000446463,0.0000261,0.00000701,0.001050901,0.001009393,1
-0.002720126,-0.002562893,0.001218858,0.001087327,0.0000933,0.00011783,0.000622156,0.000485286,0.0000251,0.00000595,0.001027771,0.001006009,1
-0.002562893,-0.00240566,0.001209482,-0.0000717,0.0000952,0.000119111,0.000639507,0.000524109,0.0000282,0.00000473,0.001051204,0.00101904,1
-0.002091195,-0.001965409,0.0009602,0.000592832,0.0000943,0.000119261,0.00065851,0.000504698,0.0000297,0.00000787,0.001054805,0.001024429,1
-0.000896226,-0.00091195,0.001431557,0.000401274,0.0000967,0.000120796,0.000692386,0.000465875,0.0000293,0.000006,0.001036093,0.001021168,1
-0.001022013,-0.000974843,0.001418641,0.001253683,0.0000976,0.00012202,0.000734524,0.00040764,0.0000237,0.0000061,0.000994391,0.000996508,-1
-0.000267296,-0.000314465,0.000937304,0.001184397,0.0000993,0.000122343,0.000800623,0.000446463,0.0000246,0.00000447,0.00102114,0.001000578,-1
0.000110063,0,0.000931749,0.000855155,0.00010348,0.000123809,0.000822931,0.000465875,0.0000254,0.00000426,0.001042682,0.001004036,-1
0.000393082,0.000235849,0.001389391,-0.001017218,0.000101413,0.000124317,0.000826236,0.000601755,0.0000277,0.00000546,0.001052138,0.001011675,-1
0.000345912,0.000298742,0.001606758,0.000858439,0.0000962,0.000123636,0.00082541,0.000601755,0.0000255,0.0000041,0.001026819,0.001000151,-1
0.000566038,0.000440252,0.001590504,0.000483787,0.0000982,0.000125333,0.000827888,0.00054352,0.0000287,0.00000579,0.001047931,0.001011305,-1
0.000440252,0.000330189,0.001574576,-0.001770797,0.000105008,0.000128149,0.000821279,0.000446463,0.0000288,0.0000055,0.001045264,0.001010676,-1
0.000566038,0.000581761,0.001781674,0.001257096,0.000100919,0.000127491,0.000840282,0.000388229,0.0000272,0.00000553,0.001023364,0.00100329,-1
0.000235849,0.000330189,0.001761711,-0.00000531,0.000105277,0.000129777,0.000844413,0.000446463,0.0000295,0.00000662,0.001043912,0.001011672,-1
0.000455975,0.000534591,0.001742191,-0.000214103,0.000108198,0.000131716,0.000859285,0.000465875,0.0000301,0.00000609,0.001045228,0.001013338,-1
0.00077044,0.00072327,0.001507711,-0.001045694,0.000107524,0.000132293,0.000898118,0.000524109,0.0000334,0.00000749,0.001057932,0.001026395,-1
0.001462264,0.001336478,0.001493391,0.000171535,0.000109141,0.000133471,0.000938604,0.000446463,0.0000334,0.00000641,0.001044985,0.001024922,-1
0.002201258,0.00168239,0.001690674,0.000865352,0.000110085,0.000134521,0.001131943,0.000446463,0.0000289,0.00000781,0.001003543,0.001003483,-1
0.001792453,0.001352201,0.001672688,-0.000146488,0.000110894,0.000134844,0.001083195,0.000465875,0.0000315,0.00000582,0.001036233,0.001012308,-1
0.00259434,0.00254717,0.001861966,0.000214615,0.000114848,0.000136299,0.00113277,0.000485286,0.0000325,0.00000637,0.00104981,0.001014379,-1
0.001886792,0.001981132,0.002249102,0.000711162,0.00011359,0.00013713,0.001136074,0.000698812,0.0000363,0.0000107,0.001062582,0.001027503,-1
0.000707547,0.000408805,0.002015804,0.000017,0.000109276,0.000137141,0.001161688,0.000679401,0.000036,0.00000876,0.001044397,0.001022425,-1
0.003852201,0.002720126,0.002189316,-0.00052746,0.000109905,0.000138399,0.001414516,0.000659989,0.000029,0.00000799,0.000986087,0.000992152,-1
0.002720126,0.002138365,0.001570364,-0.003216394,0.000111927,0.000139611,0.001449218,0.000698812,0.0000315,0.00000602,0.001027444,0.001002117,1
-0.002515723,-0.002154088,0.001554835,-0.003822346,0.000107928,0.000139207,0.000901423,0.000737635,0.0000345,0.0000069,0.001062339,0.001012381,1
-0.004261006,-0.00336478,0.00153961,-0.001956169,0.000112197,0.000141885,0.000776662,0.000776458,0.0000363,0.00000753,0.001055975,0.001017742,1
-0.003443396,-0.002311321,0.000190585,-0.001223912,0.000115477,0.00014439,0.000740307,0.000834692,0.0000408,0.0000094,0.001069934,0.001033232,1
-0.003097484,-0.002688679,0.001142126,0.000569532,0.000117139,0.000145729,0.000788229,0.000834692,0.0000412,0.00000885,0.001051732,0.001032246,1
-0.001949686,-0.002122642,0.001322871,0.002544704,0.000120015,0.00014716,0.000892335,0.000757046,0.000043,0.00000975,0.001047731,0.00103677,1
-0.000204403,-0.000377358,0.001499239,0.001995129,0.000122711,0.000148938,0.001052625,0.000737635,0.0000443,0.00000949,0.001048198,0.001036436,1
0.001650943,0.001415094,0.001670714,0.002722151,0.000125003,0.00015015,0.0013038,0.000737635,0.0000521,0.00000907,0.001090646,0.001062996,1
0.004166667,0.003522013,0.001469465,0.000882453,0.000126665,0.000150819,0.001555802,0.000737635,0.0000492,0.00000944,0.001040985,0.001044542,1
0.003852201,0.003537736,0.001455858,-0.000890341,0.000125272,0.000151489,0.001570675,0.000931749,0.0000455,0.00000875,0.000999137,0.001025006,1
0.002515723,0.002169811,0.001442502,-0.000739883,0.000120374,0.000151477,0.00131041,0.000912338,0.0000465,0.0000074,0.001028256,0.001025665,1
0.000377358,-0.0000786,0.001072041,0.000840029,0.000123385,0.000154098,0.001208783,0.000854104,0.0000494,0.0000109,0.001056441,0.00103063,1
0.0000157,-0.000471698,0.000887318,-0.000701995,0.000131832,0.000157711,0.001293059,0.000718223,0.0000475,0.0000104,0.001030517,0.00101655,1
0.003459119,0.002625786,0.001058806,0.000937984,0.000126216,0.00015666,0.001524405,0.000737635,0.0000473,0.00000827,0.001026516,0.001011339,1
0.001981132,0.001226415,0.001402298,0.000744323,0.000128148,0.000158011,0.001572327,0.000776458,0.0000465,0.0000102,0.001027832,0.001004054,1
0.001053459,0.000251572,0.001737378,0.001026844,0.00013035,0.000160088,0.00156737,0.000757046,0.0000463,0.00000874,0.001029892,0.001001288,1
0.000896226,-0.0000786,0.001202873,-0.0000148,0.000129541,0.000161185,0.001466569,0.000776458,0.0000414,0.00000841,0.00100041,0.000980002,1
-0.000974843,-0.001933962,0.001534809,-0.000923868,0.000130035,0.000162547,0.001305453,0.000757046,0.0000375,0.00000879,0.000990712,0.000964783,1
-0.002531447,-0.002940252,0.000506657,-0.001070037,0.000131248,0.000164856,0.00124018,0.000815281,0.0000409,0.00000916,0.001043567,0.000980883,1
-0.003977987,-0.003962264,0.000673373,-0.001790823,0.000133675,0.000166541,0.001093936,0.000873515,0.0000436,0.00000907,0.001063412,0.000995591,1
-0.004512579,-0.004323899,0.000502876,-0.001725411,0.000139022,0.000168769,0.00101627,0.000970572,0.0000413,0.00000879,0.001027504,0.000988551,1
-0.003632075,-0.003726415,0.000501273,-0.003124577,0.000139651,0.000170212,0.0010865,0.001164687,0.00004,0.00000888,0.001017485,0.000984935,1
-0.001493711,-0.001666667,0.00049968,0.003100104,0.000132461,0.000169346,0.001215393,0.001184098,0.0000356,0.00000892,0.001000046,0.000969873,1
-0.001855346,-0.002044025,0,-0.001192587,0.000133899,0.000171239,0.001207131,0.001184098,0.0000349,0.0000118,0.001014472,0.000972099,1
-0.001839623,-0.002044025,0.000498097,-0.001394419,0.000140864,0.000174263,0.001228613,0.001125864,0.0000376,0.0000105,0.001049628,0.000987336,1
-0.00240566,-0.002610063,0.001489573,-0.001004614,0.000136281,0.000173917,0.001188127,0.001087041,0.0000349,0.00000944,0.001024474,0.000979947,1
-0.002877358,-0.003081761,0.001803503,-0.000525608,0.000138662,0.000175971,0.00116334,0.001164687,0.0000335,0.0000103,0.001015466,0.000978722,1
-0.00408805,-0.00427673,0.000810478,-0.000491814,0.000140145,0.000177391,0.001034447,0.00120351,0.000032,0.0000106,0.001019079,0.000977327,1
-0.006886792,-0.006792453,0.000322529,-0.001372121,0.00014028,0.000178649,0.000830367,0.00120351,0.0000395,0.0000157,0.001078947,0.001010423,1
-0.006949686,-0.006808176,0,-0.000478914,0.000143155,0.000180162,0.000846066,0.00120351,0.00004,0.0000145,0.001062624,0.001011876,1
-0.005031447,-0.004858491,0.000643737,-0.001413662,0.000147424,0.000182078,0.000796491,0.001261744,0.000048,0.0000196,0.001089434,0.001043981,1
-0.003899371,-0.003632075,-0.000160278,-0.000611398,0.000151333,0.000183751,0.000754353,0.00133939,0.0000509,0.0000175,0.00108016,0.001053876,1
-0.00408805,-0.003584906,-0.000481325,-0.001149269,0.000156455,0.000186487,0.000733698,0.001397624,0.0000522,0.0000158,0.001052095,0.001055445,1
-0.00408805,-0.00341195,0.000321868,0.00304654,0.000155107,0.00019227,0.000711389,0.001572327,0.000055,0.0000175,0.001056944,0.001062185,1
-0.004103774,-0.003380503,0.000160605,-0.000983847,0.000151243,0.000194798,0.000697343,0.001552916,0.0000566,0.0000152,0.001054417,0.001061789,1
-0.003396226,-0.002720126,0.000160442,0.001281875,0.000155062,0.000197545,0.000718825,0.001455858,0.0000596,0.0000179,0.00105923,0.001065655,1
-0.003443396,-0.002845912,0.001121946,0.001923221,0.000162207,0.000200327,0.000721304,0.001319978,0.0000664,0.0000168,0.0010901,0.001085134,1
-0.003443396,-0.002893082,0.00063657,0.001068542,0.000160095,0.000200096,0.000707258,0.001261744,0.0000652,0.0000184,0.00104878,0.001068841,1
-0.003238994,-0.002893082,0.000317001,0.000942638,0.000164408,0.000202416,0.000736176,0.001242332,0.0000684,0.0000186,0.001050944,0.001069921,1
-0.003616352,-0.003349057,0.000632727,0.002384578,0.000167554,0.000204482,0.000768399,0.001145275,0.0000653,0.0000149,0.001023928,0.001044623,1
-0.003946541,-0.003600629,0.000472643,0.001753436,0.00016652,0.000204806,0.000784098,0.001145275,0.0000664,0.000016,0.00103102,0.001039669,1
-0.004166667,-0.003820755,0.000471227,0.002383398,0.000167958,0.000205798,0.000775009,0.001067629,0.0000674,0.0000164,0.001044319,0.001034102,1
-0.004559748,-0.004150943,0.000626425,0.00129355,0.000170564,0.000208222,0.000777488,0.000989984,0.0000659,0.0000169,0.001027044,0.001021053,1
-0.004606918,-0.004166667,0.000467954,0.000568014,0.000172631,0.000210011,0.000765921,0.000951161,0.0000676,0.0000171,0.001040276,0.001022427,-1
-0.004449686,-0.003993711,0.000466566,0.000811607,0.000177798,0.000211904,0.000776662,0.000951161,0.0000667,0.0000174,0.001033669,0.001013317,-1
-0.004355346,-0.003883648,0.001085433,0.003131654,0.000176405,0.000213174,0.000784098,0.001106452,0.0000658,0.000021,0.00102474,0.00100542,-1
-0.004323899,-0.003852201,0.000769994,0.00069174,0.000170429,0.000213486,0.000786577,0.001028807,0.000062,0.0000182,0.001005119,0.000986909,-1
-0.004402516,-0.003930818,0.000459745,0.000765552,0.00017326,0.000215944,0.000813016,0.000951161,0.0000633,0.0000175,0.001029589,0.000991083,-1
-0.004622642,-0.004213836,0.000611206,0.001011796,0.000180764,0.000219061,0.000844413,0.000873515,0.0000638,0.0000162,0.001041652,0.000994303,-1
-0.005628931,-0.005251572,0.00030442,0.00071728,0.00017663,0.00021853,0.000846892,0.000795869,0.0000581,0.0000183,0.000997221,0.000972107,-1
-0.005801887,-0.005676101,0.000303831,0.000552027,0.000181438,0.000221173,0.000908033,0.000757046,0.0000597,0.0000171,0.001025286,0.000982106,-1
-0.00509434,-0.00495283,0.000606491,0.00049863,0.000182292,0.000222755,0.000922079,0.000815281,0.0000582,0.0000156,0.001028983,0.000978122,-1
-0.003537736,-0.003474843,0.00045312,0.000140453,0.00018036,0.000222859,0.000955955,0.000815281,0.0000678,0.000024,0.001093495,0.001019395,1
-0.003380503,-0.003396226,0.000451818,-0.000283737,0.000181932,0.000224463,0.000927863,0.000757046,0.0000674,0.0000166,0.001063873,0.001017875,1
-0.003805031,-0.003647799,0.000600698,-0.00025619,0.000181797,0.000226414,0.000819626,0.000757046,0.0000674,0.00002,0.001032638,0.001017299,1
-0.004654088,-0.00427673,0.000299206,0.000619457,0.000185212,0.000229484,0.000773357,0.000737635,0.0000659,0.0000165,0.001023686,0.001011367,1
-0.005408805,-0.004732704,0.000298638,0.000187011,0.000191862,0.000233201,0.000686602,0.000757046,0.0000681,0.0000168,0.001043567,0.001020407,1
-0.005691824,-0.004984277,0.000298071,-0.000261169,0.00019029,0.000235637,0.000684123,0.000951161,0.0000756,0.0000254,0.001091313,0.001049185,1
-0.00509434,-0.004496855,0.000892522,0.000557659,0.000186156,0.000236075,0.000696517,0.000912338,0.0000765,0.0000208,0.001065145,0.001047986,1
-0.005251572,-0.004716981,0.000739571,0.000244492,0.000189076,0.000238038,0.000703127,0.000873515,0.0000762,0.0000204,0.001034881,0.001041963,1
-0.005471698,-0.004811321,0.000294443,-0.000422459,0.00019658,0.000240265,0.000677513,0.000815281,0.0000757,0.0000187,0.001029444,0.001035502,1
-0.005298742,-0.004496855,0.000293893,0.000226049,0.000193974,0.000239884,0.000652726,0.000757046,0.0000815,0.0000223,0.001071449,0.001052371,1
-0.00504717,-0.004166667,0.000440017,0.000105468,0.000201118,0.000244155,0.000616372,0.000795869,0.0000829,0.00002,0.001062782,0.001049967,1
-0.005078616,-0.004119497,0.000292526,-0.001020794,0.000204174,0.000246626,0.00064529,0.000776458,0.0000823,0.0000234,0.001034742,0.001038795,1
-0.005015723,-0.004198113,0.000291983,0.000642972,0.000205477,0.000247514,0.000646943,0.000757046,0.000081,0.0000181,0.001022716,0.001028054,1
-0.005141509,-0.004261006,0.000291442,0.000672497,0.000208667,0.000248692,0.000648595,0.000737635,0.000077,0.0000175,0.001002756,0.001007506,1
-0.004842767,-0.003977987,0.000581805,-0.000648203,0.00021015,0.000250262,0.000654379,0.000698812,0.0000817,0.0000242,0.001051895,0.001022529,1
-0.003993711,-0.003207547,0.000724575,0.000529037,0.000214463,0.000252074,0.000659336,0.000698812,0.0000891,0.0000232,0.001099392,0.001046343,1
-0.003396226,-0.002562893,0.000721251,0.00165755,0.000222731,0.000254625,0.000677513,0.000698812,0.0000946,0.0000267,0.001095616,0.001060527,1
-0.003333333,-0.002531447,0.000574366,0.000732617,0.00021972,0.000255398,0.000666772,0.000834692,0.0000949,0.0000274,0.001054277,0.001054846,1
-0.002578616,-0.002012579,-0.000286138,-0.001044721,0.00021352,0.000254394,0.000643638,0.000912338,0.00010394,0.0000276,0.00109604,0.001084383,1
-0.001918239,-0.001415094,-0.000859978,-0.001074356,0.000218687,0.000257337,0.000612241,0.000854104,0.00011113,0.0000307,0.001112849,0.001102962,1
-0.001949686,-0.001556604,-0.000576472,0.0000667,0.000228887,0.000261631,0.000571755,0.000757046,0.000109102,0.0000309,0.001044397,0.00108205,1
-0.00245283,-0.002154088,0.000433945,0.000332448,0.000228303,0.000262358,0.000560188,0.000737635,0.000116201,0.0000255,0.001074826,0.001100337,1
-0.0025,-0.002248428,0.000577001,-0.000524525,0.000235986,0.000266306,0.000565972,0.000737635,0.000118296,0.0000252,0.001071855,0.001096619,1
-0.002311321,-0.001933962,0.000143723,0.000873053,0.000240749,0.000269434,0.000536227,0.000737635,0.000109462,0.0000289,0.000981419,0.001048419,1
-0.002578616,-0.001996855,0.000143592,-0.000207025,0.000242996,0.000270993,0.000504004,0.000698812,0.00011955,0.0000257,0.001072037,0.001078277,1
-0.003522013,-0.002688679,0.000573842,0.00031455,0.000245736,0.000272816,0.000480869,0.000718223,0.000106581,0.0000302,0.000980492,0.001011237,1
-0.003537736,-0.00259434,0.000285878,0.000745668,0.000249196,0.000275437,0.000477564,0.000698812,0.000114179,0.0000288,0.001041348,0.001032475,1
-0.002987421,-0.002216981,0.000285359,0.000728659,0.000256655,0.000277837,0.000493263,0.000679401,0.000117324,0.000028,0.001080602,0.001035914,1
-0.002484277,-0.001792453,0.000569684,0.001315511,0.000270584,0.000281935,0.000565145,0.000640578,0.000113093,0.0000311,0.001015951,0.001010822,1
-0.00259434,-0.001902516,0.000851441,-0.000476622,0.000269371,0.000283413,0.000525486,0.000834692,0.000132244,0.0000387,0.00114855,0.001080485,1
-0.002610063,-0.001886792,0.00056457,0.002040932,0.000260385,0.0002813,0.00049822,0.000795869,0.000138317,0.0000333,0.001139216,0.001094424,1
-0.002610063,-0.001886792,0.00056255,0.000226286,0.00026308,0.000282778,0.000500699,0.000737635,0.000142818,0.000038,0.001084603,0.001102506,1
-0.003742138,-0.003034591,0.000700681,0.000980686,0.000276066,0.000286345,0.000520529,0.000621166,0.000140814,0.0000376,0.001035505,0.001082318,1
-0.004638365,-0.00408805,0.000418543,0.001015728,0.00027036,0.000284128,0.000560188,0.000582343,0.000141858,0.0000327,0.001034135,0.001077565,1
-0.004292453,-0.003694969,0.00069572,0.00073409,0.000272382,0.00028571,0.000550273,0.000582343,0.0001502,0.0000344,0.001093537,0.001102256,1
-0.004339623,-0.003647799,0.000415593,0.001092453,0.00027346,0.000287072,0.00053788,0.000582343,0.000158998,0.000038,0.001121177,0.001122545,1
-0.00427673,-0.003584906,0.000690829,0.001299957,0.000272561,0.000287337,0.000550273,0.000562932,0.000165684,0.0000389,0.001108485,0.001134888,1
-0.004748428,-0.003993711,0.000550246,0.000408351,0.000272696,0.000288007,0.000590759,0.000524109,0.000160901,0.0000356,0.001024152,0.001094445,-1
-0.005330189,-0.004638365,0.000411245,0.00228266,0.000276605,0.000290073,0.000596542,0.000504698,0.000118866,0.0000586,0.00073472,0.000910136,-1
-0.004984277,-0.00418239,0.000546896,0.000834894,0.000277639,0.000291273,0.000546968,0.000504698,0.000105969,0.0000343,0.000805499,0.000858215,-1
-0.005062893,-0.004213836,0.0002725,0.000753413,0.000282087,0.000293201,0.000553578,0.000485286,0.000116039,0.0000376,0.001058236,0.000900898,-1
-0.004496855,-0.003726415,0.000544058,0.0000709,0.000281548,0.000295383,0.000558536,0.000659989,0.000122035,0.0000334,0.001108121,0.000930642,1
-0.004009434,-0.00322327,0.000271091,0.000684959,0.000272696,0.000295567,0.00053788,0.000640578,0.000128487,0.0000353,0.001097477,0.000962228,1
-0.004198113,-0.003349057,0.000405936,0.000343639,0.000275886,0.000298788,0.00053788,0.000562932,0.000123127,0.0000388,0.001019485,0.000946074,1
-0.004418239,-0.003584906,0.000944746,0.000886889,0.000287704,0.000303243,0.00056184,0.000446463,0.000124592,0.0000311,0.001025668,0.000958307,1
-0.004449686,-0.003647799,0.000402473,-0.00020248,0.000281188,0.000301558,0.000580018,0.000465875,0.00012509,0.0000309,0.001042136,0.000966543,1
-0.003867925,-0.003191824,0.000669075,0.000398975,0.000287973,0.000304398,0.00061472,0.000446463,0.000131895,0.0000413,0.001081354,0.001002737,1
-0.003663522,-0.003034591,0.00066624,0.0000659,0.000291118,0.000306464,0.000634549,0.000465875,0.000131007,0.0000319,0.00105078,0.00100901,1
-0.003459119,-0.002955975,0.000663429,0.000684044,0.000289096,0.000306071,0.000656031,0.000485286,0.000124706,0.0000318,0.000988432,0.000996469,1
-0.002735849,-0.002279874,0.000660642,-0.000422663,0.000288512,0.000306106,0.000670904,0.000427052,0.000130941,0.0000292,0.001054623,0.001034405,1
-0.002279874,-0.001823899,0.000526302,0.00076364,0.000289007,0.00030748,0.000679992,0.00040764,0.000135178,0.0000326,0.001083372,0.001046907,1
-0.001886792,-0.001619497,0.000524546,0.000254391,0.000291747,0.000309869,0.000684123,0.000446463,0.000132016,0.0000269,0.001026819,0.001023739,1
-0.00163522,-0.001603774,0.000522802,0.000751543,0.000299027,0.000311935,0.000717999,0.000427052,0.000134428,0.0000271,0.001039445,0.001027561,1
-0.001289308,-0.001383648,0.000651337,0.000469821,0.000294084,0.000311739,0.000747744,0.000582343,0.000146281,0.0000338,0.001121783,0.001070278,1
-0.001006289,-0.001163522,0.00051892,-0.000705702,0.000284873,0.000309857,0.000767573,0.000524109,0.000141114,0.0000307,0.00103896,0.001043256,1
-0.000849057,-0.001084906,0.000775819,0.000358513,0.000286221,0.000311751,0.000808059,0.000465875,0.000144721,0.0000335,0.001040742,0.001051109,1
-0.000833333,-0.001022013,0.001158015,0.000128751,0.00029323,0.000314544,0.000807233,0.000427052,0.000153585,0.0000309,0.001105678,0.001079122,1
-0.000676101,-0.000754717,0.000766366,-0.001085005,0.000282401,0.000311404,0.000804754,0.000388229,0.000160115,0.0000359,0.00110766,0.00109481,1
-0.000204403,-0.000220126,0.000508432,0.0000783,0.000285412,0.000314475,0.000781619,0.00040764,0.00015859,0.000038,0.001045567,0.001078522,1
-0.000220126,0.0000786,0.000506794,-0.001396998,0.000288962,0.000318284,0.000757658,0.000446463,0.000175455,0.000031,0.001142271,0.001135694,1
-0.000330189,-0.000298742,0,0.001428755,0.000287074,0.000320073,0.000737002,0.000427052,0.000178677,0.0000378,0.001112327,0.001130156,1
-0.000691824,-0.000660377,0.000378874,-0.000552741,0.000287614,0.000321827,0.000739481,0.00040764,0.000177297,0.0000289,0.001035408,0.001107379,1
-0.000581761,-0.000518868,0.000755926,-0.000120477,0.000290085,0.000324482,0.000724609,0.00040764,0.000172022,0.0000384,0.000993682,0.001071123,1
-0.000283019,-0.000188679,0.000626925,0.00052081,0.00029323,0.000327564,0.000700648,0.000427052,0.000175401,0.0000289,0.001038839,0.001070095,1
-0.000330189,-0.000188679,0.000499548,0.000966574,0.000302397,0.000330981,0.000692386,0.000427052,0.000179848,0.0000307,0.001075171,0.001072971,1
-0.000896226,-0.000754717,0.001493897,-0.001060405,0.000297948,0.000331535,0.000674209,0.000601755,0.000165252,0.0000363,0.000950549,0.001002695,1
-0.001147799,-0.001069182,0.000616599,0.001573391,0.000291658,0.000331547,0.000675035,0.000562932,0.000166938,0.0000282,0.00099607,0.001000672,1
-0.001084906,-0.001100629,0.000737028,0.000758526,0.000295162,0.000334098,0.00067834,0.000504698,0.00017177,0.0000314,0.001072055,0.001011868,1
-0.001603774,-0.001572327,0.000366795,-0.000255293,0.000304913,0.000337237,0.000676687,0.000485286,0.000166284,0.0000267,0.001013181,0.000983441,1
-0.001603774,-0.001572327,0.000243961,0.000344777,0.000295612,0.000333417,0.000670077,0.000427052,0.000184547,0.0000344,0.001138349,0.001053933,1
-0.001179245,-0.001100629,0.000974331,0.000511029,0.000301678,0.000336198,0.000679166,0.000427052,0.00018262,0.0000308,0.00108236,0.001036866,1
-0.001336478,-0.001116352,0.000726248,-0.000188612,0.000302576,0.00033778,0.000667599,0.000485286,0.000181498,0.0000322,0.001019806,0.0010298,1
-0.002044025,-0.001556604,0.001325333,0.000479771,0.00030334,0.000339419,0.000665946,0.000504698,0.000161339,0.0000385,0.000894335,0.000948501,1
-0.00240566,-0.001808176,0.0010753,0.0002162,0.000305317,0.000340608,0.00067173,0.000504698,0.00015143,0.0000256,0.000899269,0.000914818,1
-0.002437107,-0.001823899,0.001067996,-0.001184798,0.000304868,0.00034115,0.000664294,0.000485286,0.0001502,0.0000351,0.000992209,0.000917373,1
-0.002091195,-0.001509434,0.000353597,-0.001845687,0.000308687,0.000342489,0.000639507,0.000562932,0.000161135,0.0000301,0.001103332,0.000970042,1
-0.002106918,-0.001556604,0.000588006,-0.001020001,0.00031682,0.000344775,0.000598195,0.000601755,0.000165936,0.0000297,0.001102993,0.000995937,1
-0.002940252,-0.002327044,0.000585815,-0.000694067,0.000311877,0.00034526,0.000565145,0.000776458,0.000174164,0.000035,0.001105417,0.001028458,1
-0.003003145,-0.00240566,0.000116728,-0.001070471,0.000307564,0.000346068,0.000510614,0.000854104,0.000188052,0.0000413,0.00115506,0.001081145,1
-0.003459119,-0.002924528,0,-0.000835862,0.000312776,0.000349646,0.000499873,0.000815281,0.000192943,0.0000376,0.00111354,0.001094729,1
-0.003757862,-0.00322327,0.000349924,0.000329045,0.000320954,0.000352208,0.000482522,0.000698812,0.000193015,0.0000385,0.001050804,0.001085363,1
-0.004103774,-0.003522013,0.000581912,0.001569549,0.000315741,0.000349992,0.000471781,0.000698812,0.000201711,0.0000358,0.001092646,0.001116929,1
-0.004261006,-0.003726415,0.000463813,0.001432244,0.00032311,0.000352231,0.000481696,0.000718223,0.000190506,0.0000311,0.000987681,0.001065397,1
-0.00422956,-0.003663522,0.000231225,0.000164806,0.000324998,0.000352774,0.000475086,0.000698812,0.000200499,0.0000333,0.001063412,0.001101927,1
-0.004040881,-0.003301887,0.00046177,0.000127993,0.000326031,0.000352428,0.000461866,0.000718223,0.000205072,0.0000355,0.001098283,0.001105963,1
-0.003820755,-0.003018868,0.000460418,0.001387981,0.00032702,0.000351989,0.000444515,0.000698812,0.000200529,0.0000311,0.001018655,0.001068453,1
-0.003993711,-0.002955975,0.000229537,-0.00025869,0.000330884,0.000352705,0.000424685,0.000679401,0.000203284,0.0000391,0.001037105,0.001061202,1
-0.004496855,-0.003238994,0.000687607,-0.000184697,0.000339106,0.000354713,0.000391636,0.000718223,0.000192943,0.0000358,0.000973497,0.001004763,1
-0.004748428,-0.003333333,0.000456408,-0.000615724,0.000349576,0.000356468,0.000360239,0.000776458,0.000218071,0.0000398,0.001168232,0.001095055,1
-0.005078616,-0.003836478,0.000113772,-0.00087661,0.000349935,0.000356098,0.000327189,0.000989984,0.000213084,0.0000508,0.001084869,0.001059299,1
-0.005503145,-0.004308176,0.000341069,0.001115126,0.000349351,0.000356895,0.000329668,0.001009395,0.000215437,0.0000409,0.001032899,0.001059604,1
-0.005503145,-0.004575472,0.000567218,0.001315071,0.000355866,0.000358592,0.000323058,0.000931749,0.000210029,0.000039,0.001005362,0.001029928,1
-0.00586478,-0.004764151,0.000339107,0.001190492,0.000366695,0.000360219,0.000302402,0.000834692,0.000216787,0.0000414,0.001061145,0.001050679,1
-0.00591195,-0.004811321,0.000338377,0.000517503,0.000361842,0.000356652,0.000309838,0.000834692,0.000217027,0.0000349,0.001058217,0.001046177,1
-0.005660377,-0.004433962,0.000450201,0.0000259,0.000365482,0.000356733,0.000304881,0.000873515,0.0002127,0.0000408,0.001005526,0.001019343,1
-0.005707547,-0.00413522,0.000448916,0.001413455,0.000370424,0.000357253,0.000262743,0.000873515,0.000222344,0.0000409,0.001084221,0.001053333,1
-0.005440252,-0.003883648,0.000335728,-0.000768485,0.000374064,0.000357634,0.000266874,0.000873515,0.000216235,0.000035,0.001025183,0.00102275,1
-0.005518868,-0.003883648,0.000335013,0.000364337,0.000379726,0.000358176,0.000260264,0.000815281,0.000218497,0.0000385,0.001028516,0.001026075,1
-0.00586478,-0.004308176,0.000668601,0.00118346,0.000387858,0.000360196,0.000250349,0.000776458,0.000219026,0.0000432,0.001045022,0.00102267,1
-0.005880503,-0.004575472,0.000443847,0.000675298,0.000397114,0.000361893,0.000249523,0.000776458,0.00022663,0.0000398,0.001086827,0.001043509,1
-0.005581761,-0.004496855,0.000221299,0.000132725,0.000407988,0.000362805,0.000235477,0.000815281,0.000229246,0.0000468,0.001077068,0.00105083,1
-0.005660377,-0.004449686,0.000552469,0.000681333,0.000405382,0.000360762,0.00024374,0.000970572,0.000231089,0.0000507,0.001055065,0.001052317,1
-0.005235849,-0.003930818,0.000330321,0.000687841,0.000397339,0.000358118,0.000244566,0.000931749,0.000233849,0.0000523,0.001058642,0.001057646,1
-0.004764151,-0.003522013,0.000219752,-0.000211898,0.000401203,0.00035925,0.000247871,0.000854104,0.000238825,0.0000555,0.001076644,0.001068834,1
-0.004874214,-0.003553459,0.000548614,0.000545177,0.00041329,0.000361547,0.000238782,0.000757046,0.000231935,0.0000563,0.00100421,0.001033419,1
-0.004842767,-0.003522013,0.000437365,-0.000547049,0.000413021,0.000360923,0.000242087,0.000718223,0.000237936,0.0000491,0.001051065,0.001051923,1
-0.004544025,-0.003380503,0.000109038,0.000267767,0.000419761,0.000362597,0.000245392,0.000757046,0.00023814,0.0000533,0.001055429,0.001043598,1
-0.004355346,-0.00322327,0.000217925,0.000484547,0.000424838,0.000362955,0.000247045,0.000757046,0.0002367,0.000051,0.001024837,0.001032144,1
-0.00418239,-0.003160377,0.000326435,-0.000163832,0.000427085,0.000362759,0.000244566,0.000718223,0.00024596,0.0000529,0.001091355,0.001061611,1
-0.003789308,-0.002798742,0.000217172,0.000749158,0.000431892,0.000363059,0.000249523,0.000679401,0.000243182,0.0000534,0.001046319,0.001040605,1
-0.003632075,-0.002657233,0.000650618,0.001208661,0.000437644,0.000364121,0.000241261,0.000659989,0.000248523,0.0000572,0.00106046,0.00105313,1
-0.004119497,-0.003081761,0.000431958,0.000665301,0.000445462,0.00036666,0.00024374,0.000640578,0.000244898,0.0000565,0.001027425,0.001030768,1
-0.004261006,-0.003286164,0.000323081,0.000841102,0.000456381,0.000369015,0.000238782,0.000640578,0.000247695,0.0000557,0.001040476,0.00103624,1
-0.004355346,-0.00331761,0,0.000590573,0.000451168,0.000367283,0.000246218,0.000854104,0.000256793,0.0000638,0.001104526,0.001066458,1
-0.00427673,-0.003380503,0.000429891,0.0000471,0.000443125,0.000364929,0.000262743,0.000815281,0.000248109,0.0000563,0.00100601,0.001023569,1
-0.004685535,-0.003836478,0.000428719,0.001589682,0.000446406,0.000366949,0.000270179,0.000757046,0.000235284,0.0000696,0.00091826,0.000969135,1
-0.005172956,-0.004465409,0.000106888,0.00089461,0.000455886,0.000369938,0.000288356,0.000621166,0.000238368,0.0000552,0.001011441,0.000980208,1
-0.004779874,-0.004150943,0.000320447,0.000797511,0.00044681,0.000366637,0.000325537,0.00054352,0.000241723,0.0000546,0.001066825,0.000993411,1
-0.004654088,-0.004025157,0.000426394,0.00100753,0.000451213,0.000366972,0.000345367,0.000562932,0.000234383,0.0000563,0.000995724,0.000962883,1
-0.004669811,-0.004056604,0.000531551,0.000242937,0.000455302,0.000368599,0.000346193,0.000601755,0.00024278,0.0000478,0.001065673,0.000997158,1
-0.004339623,-0.003773585,0.000635712,0.000936931,0.000452247,0.000367457,0.000363544,0.000601755,0.00025312,0.0000616,0.001131742,0.001039489,1
-0.004465409,-0.003867925,0.000316576,0.000595969,0.00045328,0.000366902,0.000385026,0.000524109,0.00024545,0.0000592,0.001017018,0.001005347,1
-0.004386792,-0.003852201,0.000105313,0.001332842,0.000453954,0.000367064,0.000387505,0.000485286,0.000251236,0.0000611,0.001046986,0.001029501,1
-0.004198113,-0.003820755,0.000420971,0.000981795,0.000457684,0.000368634,0.000431295,0.000465875,0.000240037,0.0000602,0.000977922,0.000982609,1
-0.003474843,-0.003427673,0.000314885,0.00163318,0.000465906,0.000370481,0.000444515,0.000427052,0.000243386,0.0000611,0.001018697,0.000998717,1
-0.003254717,-0.00322327,0.000419008,0.00028127,0.000459166,0.000369038,0.000451125,0.000640578,0.000250077,0.000066,0.001090179,0.001030218,1
-0.002672956,-0.002515723,0.000417894,-0.000227227,0.000448293,0.000366683,0.000483348,0.000562932,0.000260262,0.0000609,0.001124953,0.001070064,1
-0.002311321,-0.002075472,0.00031259,0.000208897,0.00045009,0.000368622,0.000488305,0.00054352,0.000268256,0.0000751,0.001121965,0.001092854,1
-0.002216981,-0.001902516,0.000623939,-0.000103453,0.000459526,0.000372166,0.000494089,0.000504698,0.000276658,0.0000607,0.001117334,0.001115495,1
-0.001509434,-0.001163522,0.000310737,0.00053068,0.000447709,0.000370354,0.000490784,0.000465875,0.000287875,0.0000728,0.001137664,0.001147518,1
-0.001100629,-0.00072327,0.000310124,0.000537439,0.000450854,0.000374832,0.000489958,0.000485286,0.000294687,0.0000728,0.00111748,0.001155277,1
-0.001352201,-0.000927673,0.000206342,-0.000621612,0.000452966,0.000377626,0.000477564,0.000524109,0.000305075,0.0000704,0.001126729,0.001177856,1
-0.001713836,-0.001320755,0.000309108,0.001986367,0.00045009,0.000379415,0.000468476,0.000504698,0.000304967,0.0000689,0.001068097,0.001158617,1
-0.001446541,-0.001132075,0.000205667,0.000627269,0.000449686,0.0003805,0.000473433,0.000465875,0.000318489,0.000068,0.001124529,0.001190915,1
-0.001194969,-0.00091195,0.000410797,-0.000194664,0.000447214,0.000381389,0.000470128,0.000427052,0.000316742,0.0000776,0.001067612,0.001159615,1
-0.000896226,-0.000518868,0.000204863,0.00038918,0.000449775,0.000383767,0.000473433,0.000446463,0.000331068,0.0000733,0.001124426,0.001188895,1
-0.000896226,-0.000581761,0.000204597,0.00060364,0.000456111,0.000387276,0.000456908,0.000427052,0.000337406,0.0000742,0.001124753,0.00118239,1
-0.001022013,-0.000566038,0.000817324,-0.001026132,0.000446001,0.000387045,0.000453604,0.000640578,0.000349463,0.0000887,0.001136367,0.001198787,1
-0.001540881,-0.00086478,0.000304912,0.002442178,0.000435038,0.000386606,0.000425512,0.000582343,0.000352109,0.0000844,0.001092264,0.001177034,1
-0.002059748,-0.00158805,0.000507202,-0.000166265,0.000440519,0.000391985,0.000432948,0.00054352,0.000355152,0.0000867,0.001063248,0.001158794,1
-0.00245283,-0.002122642,0.000606686,0.001445461,0.00044672,0.000395056,0.000425512,0.000465875,0.000360355,0.0000856,0.001079129,0.0011511,1
-0.002704403,-0.002295597,0.000302177,0.00114604,0.000435083,0.000391547,0.000427164,0.000446463,0.000369328,0.0000861,0.001111782,0.00116059,1
-0.002861635,-0.002515723,0.000301597,0.001328427,0.000439171,0.000395113,0.000429643,0.000427052,0.000370234,0.0000765,0.001070158,0.001137177,1
-0.002704403,-0.002342767,0.00030102,-0.000207099,0.000437239,0.000396637,0.000440384,0.000485286,0.000351821,0.0000854,0.000912926,0.001040263,1
-0.0025,-0.002106918,0.000200296,0.000905709,0.000431398,0.000397491,0.000425512,0.000427052,0.000359047,0.0000711,0.001020515,0.001052077,1
-0.002735849,-0.002374214,0.000500104,0.001081714,0.000428702,0.000397791,0.000432121,0.00040764,0.000380257,0.0000778,0.001200981,0.001121855,1
-0.002421384,-0.002012579,0.000498518,-0.0000857,0.000422726,0.000399246,0.000427164,0.000368817,0.000391023,0.0000937,0.001177748,0.001141737,1
-0.001839623,-0.001477987,0.000496943,0.001380938,0.00042677,0.00040332,0.000432948,0.00040764,0.000422081,0.0000846,0.001279216,0.001243712,1
-0.002185535,-0.001823899,0.000396302,0.001030211,0.000435038,0.000407868,0.000431295,0.00040764,0.000412311,0.0000877,0.001072625,0.001174151,1
-0.002437107,-0.002044025,0.000296479,0.000215983,0.000426995,0.000407626,0.00042799,0.000562932,0.00043957,0.000112449,0.001184494,0.00125995,1
-0.002216981,-0.001871069,0.000295921,0.001886425,0.000417514,0.000407106,0.000423033,0.000524109,0.000442366,0.0000938,0.001144453,0.001239423,1
-0.002437107,-0.002201258,0.0000985,0.00108453,0.000418592,0.000411504,0.000439558,0.000485286,0.000422141,0.0000977,0.000907088,0.001127309,1
-0.002720126,-0.002515723,0.0000984,0.0000431,0.000420974,0.000415279,0.000449472,0.000368817,0.00044868,0.000100983,0.001144453,0.001210626,1
-0.002610063,-0.002389937,0,0.000911188,0.000412077,0.000411089,0.000448646,0.000329995,0.000476851,0.0000976,0.001312875,0.001294084,1
-0.00245283,-0.002279874,0.000294996,0.000765291,0.000416615,0.000414552,0.000453604,0.000368817,0.000498973,0.000104896,0.00127764,0.00134358,1
-0.001839623,-0.00168239,0.000196296,0.001183774,0.000417065,0.000416756,0.000450299,0.000368817,0.000540485,0.000115578,0.001387836,0.001455621,1
-0.001823899,-0.001603774,0.000392102,0.001645772,0.000418547,0.00042075,0.000451951,0.000368817,0.000507573,0.000102451,0.000952003,0.001258871,1
-0.001981132,-0.001823899,0.000391126,0.00140053,0.000414234,0.00042172,0.000451951,0.000349406,0.000536266,0.000109994,0.001116243,0.001327042,1
-0.001666667,-0.001509434,0.000292617,0.001366198,0.00041338,0.00042352,0.000448646,0.000291172,0.000516665,0.00013557,0.00099847,0.001196404,1
-0.001163522,-0.001037736,0.000194715,0.001382297,0.000420794,0.000427976,0.000450299,0.00027176,0.000541139,0.0000983,0.001132651,0.001259627,1
-0.001022013,-0.000959119,0.0000972,0.000474923,0.000431308,0.000432512,0.000448646,0.000310583,0.00055016,0.000115585,0.001176978,0.001248908,1
-0.000786164,-0.000597484,0.000194354,0.000821499,0.000423535,0.000433355,0.000453604,0.000446463,0.000556071,0.000123109,0.001104023,0.001232412,1
-0.000754717,-0.000628931,0,0.000181082,0.000417244,0.000435386,0.000449472,0.00040764,0.000597518,0.00011265,0.001332817,0.001356301,1
-0.000974843,-0.00091195,0,0.000115991,0.000421603,0.000441354,0.00044782,0.00040764,0.000628972,0.00013268,0.001385169,0.001418069,1
-0.001084906,-0.001037736,0.000194114,0.000570293,0.000426905,0.000446295,0.000444515,0.000252349,0.000634973,0.000132063,0.001180154,0.001376697,1
-0.001022013,-0.000990566,0.00038775,0.001008886,0.000419311,0.000442762,0.00044782,0.000232937,0.000622412,0.000110908,0.000969478,0.001269433,1
-0.00081761,-0.000849057,0.000193398,-0.000988827,0.000421288,0.000446306,0.000453604,0.000291172,0.000648231,0.000131052,0.001165401,0.001327561,1
-0.000786164,-0.000786164,0.000386321,-0.000542561,0.000420839,0.000448453,0.000451951,0.000329995,0.000640327,0.000137294,0.001067552,0.001257077,1
-0.000691824,-0.000581761,0.000192687,0.003232235,0.000418637,0.000451581,0.000452777,0.000310583,0.000542268,0.000145806,0.000346991,0.000818519,1
-0.000314465,-0.0000157,0.0000962,-0.000302307,0.000419221,0.000455517,0.000449472,0.00027176,0.000578115,0.000161753,0.000945093,0.0009591,1
-0.000896226,-0.000345912,0.000384667,0.001266306,0.000422277,0.000459788,0.000413118,0.000232937,0.000627123,0.000174254,0.001484516,0.001132018,1
-0.000660377,-0.000204403,0.000191864,-0.0000986,0.000431533,0.000466125,0.000393288,0.000232937,0.000666109,0.000130075,0.001461343,0.001256143,1
-0.000408805,-0.0000943,0.000287446,0.000575379,0.000441957,0.000472335,0.000380895,0.000232937,0.000705479,0.000146873,0.001430187,0.001370948,1
-0.000597484,-0.000408805,0.000286921,0.000743455,0.000434184,0.000473466,0.000376764,0.000349406,0.000735733,0.000156893,0.001370095,0.001437339,1
-0.000880503,-0.000738994,0,0.00081117,0.000425781,0.000474517,0.000387505,0.000368817,0.00071094,0.000140799,0.000968769,0.00128857,1
-0.001242138,-0.001100629,0.0000955,0.000253451,0.000431308,0.000478776,0.000391636,0.000291172,0.000739772,0.000174262,0.001144513,0.001373709,1
-0.001399371,-0.001242138,0.00104949,0.000447693,0.000438542,0.000484063,0.000385852,0.000252349,0.000769065,0.000179318,0.00132815,0.001452425,1
-0.00163522,-0.001477987,0.0000948,0.001076888,0.000430814,0.000479746,0.000385852,0.000213526,0.000749056,0.000153658,0.000997743,0.001319651,1
-0.002091195,-0.001949686,0,-0.000259731,0.000431623,0.000483278,0.000387505,0.000252349,0.000791589,0.000155589,0.001252867,0.001452527,1
-0.001949686,-0.00177673,0.000663029,0.00099599,0.000431173,0.000486141,0.000406508,0.000291172,0.000765188,0.000148344,0.000999282,0.001292632,1
-0.001918239,-0.001761006,0.000377283,0.000669522,0.000429196,0.000488426,0.000413118,0.000252349,0.000760201,0.000153059,0.000911392,0.001192068,1
-0.001949686,-0.001761006,0.000658665,-0.000659007,0.000426231,0.000490007,0.000425512,0.000213526,0.000737575,0.00015908,0.000864719,0.001036045,1
-0.001965409,-0.001839623,0.000281107,0.002083846,0.00043023,0.000492512,0.000423859,0.000194114,0.000785719,0.000182316,0.001281841,0.001187784,1
-0.001509434,-0.001415094,0.000280606,0.000754736,0.000438273,0.000496587,0.000442036,0.000174703,0.000801311,0.000177974,0.001300916,0.001206572,1
-0.001698113,-0.001556604,0.000373474,0.001197199,0.000454089,0.000502855,0.000432121,0.000174703,0.000849528,0.000190168,0.001410991,0.001363891,1
-0.002106918,-0.001981132,0.000465737,0.0000271,0.000444518,0.000503778,0.000444515,0.000329995,0.000804642,0.000208165,0.000893953,0.001143946,1
-0.001525157,-0.00177673,0.000650106,0.00043611,0.000431263,0.000503997,0.00046765,0.000291172,0.000787814,0.000202511,0.000769434,0.001043009,1
-0.000896226,-0.001273585,0.000924898,0.000598908,0.000436431,0.000511096,0.000477564,0.00027176,0.00086713,0.000253426,0.001511246,0.001341476,1
-0.000518868,-0.000943396,-0.0000919,0.001156447,0.000443979,0.000519176,0.00049161,0.000174703,0.000839433,0.00019469,0.001114388,0.001195676,-1
-0.001022013,-0.001415094,0.000276008,0.000250776,0.000432611,0.000510658,0.000512266,0.000194114,0.00082033,0.000192669,0.000811985,0.001086886,-1
-0.000644654,-0.000959119,0.000918415,0.000155026,0.00043324,0.000513578,0.000533748,0.000213526,0.000840735,0.000210533,0.001106933,0.001157738,-1
-0.000141509,-0.000345912,0.000456541,-0.000226973,0.00043369,0.000515448,0.000534575,0.000232937,0.00082647,0.000184812,0.001006495,0.001073579,-1
0.000408805,0.0000472,0,-0.000462168,0.00042996,0.000518969,0.00053127,0.000232937,0.000878593,0.000197187,0.001336781,0.001257158,-1
0.000314465,0.000110063,0.000819395,0.000605723,0.000427399,0.000523066,0.000532922,0.000174703,0.000829879,0.000201795,0.000881327,0.00101211,-1
0.000581761,0.000518868,0.000271716,-0.000471611,0.000428927,0.000524659,0.000532096,0.000155292,0.000825612,0.000251438,0.000841116,0.000979131,-1
0.000707547,0.000738994,0.000271247,0.0000303,0.000428882,0.00052788,0.000532096,0.000174703,0.000756924,0.000198824,0.000557,0.0006968,-1
0.000833333,0.000943396,0.00036104,-0.000418394,0.000437689,0.000536064,0.000523007,0.000174703,0.000760123,0.000228713,0.000824144,0.000743066,-1
-0.0000157,0.000455975,0.000900531,-0.001010691,0.000432611,0.000539053,0.000488305,0.000349406,0.000787568,0.000269675,0.001229409,0.000868474,-1
-0.000345912,-0.0000157,0.000358161,-0.0009557,0.000427848,0.000542378,0.00044782,0.000329995,0.000711907,0.000209621,0.000616808,0.000567259,-1
-0.000738994,-0.000345912,0.0000893,-0.000418616,0.000437464,0.000552789,0.000432948,0.000329995,0.000664129,0.00026945,0.00045743,0.000433189,-1
-0.001996855,-0.001399371,0.000267858,-0.000450601,0.000444429,0.000561562,0.00039081,0.00027176,0.00071762,0.000246181,0.001233167,0.000709672,-1
-0.002783019,-0.002059748,0.000802208,-0.000963181,0.000439037,0.000554278,0.000342062,0.000252349,0.000721437,0.000237598,0.001239635,0.000762057,-1
-0.002814465,-0.002075472,0.000354727,-0.000935262,0.000444249,0.000559957,0.000322232,0.000310583,0.000702568,0.000239754,0.000919654,0.000730105,-1
-0.002720126,-0.001965409,-0.000265446,-0.000888749,0.00045027,0.000563259,0.000305707,0.000329995,0.000694676,0.000230489,0.000917187,0.000743532,-1
-0.002531447,-0.001902516,0,-0.000213903,0.000452427,0.000567414,0.000295792,0.000388229,0.000648074,0.00022627,0.000693503,0.000624532,-1
-0.003286164,-0.002327044,0.000620422,-0.00060091,0.000474488,0.000580215,0.000247871,0.000368817,0.000592476,0.000242446,0.000502611,0.000468942,-1
-0.003789308,-0.002751572,-0.000441417,-0.000681027,0.000459032,0.000578241,0.000199949,0.00040764,0.000603783,0.000290273,0.000922806,0.000598371,-1
-0.004371069,-0.003301887,-0.0000885,-0.000784271,0.000463435,0.000585502,0.0001669,0.000465875,0.000651597,0.000255114,0.001393855,0.000844222,-1
-0.005345912,-0.004245283,-0.0000886,0.0000516,0.000481183,0.000594748,0.000144591,0.000504698,0.000656777,0.000243449,0.001229694,0.000904136,-1
-0.005330189,-0.00422956,0.000265895,0.000995526,0.00047368,0.000593155,0.000137155,0.000679401,0.000646046,0.000288281,0.000979037,0.000908754,-1
-0.005015723,-0.004056604,0.000265446,-0.0000316,0.000467614,0.000595406,0.000137981,0.000640578,0.00063196,0.000252372,0.000902882,0.000876505,-1
-0.005487421,-0.004638365,0.000441665,0.001262768,0.000475926,0.00060105,0.000137155,0.000621166,0.000656363,0.000257378,0.001150732,0.000985326,-1
-0.005503145,-0.004622642,0.000704684,0.00065136,0.000475971,0.000602689,0.000138808,0.000562932,0.00061407,0.000276851,0.000831236,0.00083908,-1
-0.005393082,-0.004339623,0.000175385,0.000657201,0.000471074,0.000598788,0.000138808,0.000504698,0.0006082,0.000260701,0.000851948,0.000854578,-1
-0.005078616,-0.003915094,0.0000876,0.001500701,0.000474983,0.000603162,0.000138808,0.00054352,0.000561797,0.000290566,0.000701643,0.000703947,-1
-0.004669811,-0.003349057,0.000350184,-0.000373689,0.000477544,0.000607884,0.000137155,0.000562932,0.000514865,0.000409474,0.000561625,0.000565158,-1
-0.004150943,-0.002625786,0.000436758,-0.00000202,0.000469411,0.000612835,0.000137981,0.00054352,0.000517535,0.000283934,0.000893832,0.000624019,-1
-0.003522013,-0.002059748,0.000261329,0.000223806,0.000470984,0.000615721,0.000138808,0.000485286,0.000457046,0.000268645,0.000635556,0.000410264,-1
-0.003710692,-0.002154088,0.00034786,-0.000470386,0.000475836,0.000620211,0.000138808,0.000504698,0.000499345,0.000367022,0.001115013,0.00063183,-1
-0.004433962,-0.002861635,0.000260319,0.000808289,0.000479746,0.000628511,0.000104932,0.000524109,0.000529682,0.000282988,0.00138052,0.000807765,1
-0.004465409,-0.002893082,0.000259889,-0.000756427,0.000497808,0.000633855,0.0000967,0.000562932,0.00049578,0.000251848,0.000907713,0.000718766,1
-0.004528302,-0.002955975,0.000691893,0.00091291,0.000488822,0.000632666,0.0000967,0.000698812,0.000481304,0.000298023,0.000822247,0.00071552,1
-0.004292453,-0.002720126,0.000861077,0.000500495,0.000488822,0.00063584,0.0000983,0.000679401,0.000472572,0.000244485,0.000926321,0.000735286,1
-0.004213836,-0.00259434,0.000256916,-0.000355645,0.000497629,0.000642893,0.0000975,0.000640578,0.000476791,0.000291523,0.001032862,0.000818624,1
-0.004449686,-0.002830189,-0.000598493,-0.001096192,0.000504144,0.000649426,0.0000983,0.000582343,0.000518045,0.000287538,0.001325828,0.001032611,1
-0.003930818,-0.002279874,-0.000257477,0.0000316,0.000507289,0.000649403,0.0000983,0.000562932,0.000546055,0.000299989,0.00136133,0.001176789,1
-0.003789308,-0.002122642,0.000171933,0.000260421,0.000515422,0.000655636,0.000095,0.000640578,0.000552602,0.000302585,0.001172232,0.001208564,1
-0.004842767,-0.003097484,0.000515236,0.000680326,0.00051686,0.000660588,0.0000777,0.000621166,0.000563897,0.000305826,0.001131942,0.001239879,1
-0.005503145,-0.003805031,0.000684737,-0.000237886,0.000518792,0.000667099,0.0000793,0.000621166,0.000572713,0.00024105,0.001131239,0.001258206,1
-0.005235849,-0.003522013,0.000511326,0.000930286,0.000516096,0.000663867,0.0000777,0.000562932,0.000565488,0.000290164,0.001014878,0.001187555,1
-0.005298742,-0.003569182,-0.000169889,0.000233335,0.000517264,0.0006621,0.0000777,0.000524109,0.00059834,0.000313062,0.001230725,0.001294436,1
-0.005298742,-0.003710692,0.000085,0.001214847,0.000519556,0.000665356,0.0000768,0.00054352,0.000602835,0.000236989,0.001174717,0.001287483,1
-0.005298742,-0.003726415,0.000424953,-0.000123054,0.0005369,0.000667837,0.0000752,0.000524109,0.000635075,0.000269766,0.001266063,0.001377115,1
-0.005141509,-0.003522013,0.000678093,0.000412049,0.000523106,0.000663278,0.0000768,0.000659989,0.000646604,0.000318125,0.001220014,0.001367358,1
-0.00495283,-0.00336478,0.00033759,0.000938986,0.000525307,0.000666775,0.0000777,0.000621166,0.000654892,0.000271188,0.001128469,0.001337359,1
-0.004544025,-0.002908805,0.000336867,-0.000777295,0.000539326,0.000675964,0.0000768,0.000621166,0.000643651,0.000325677,0.000986068,0.001228118,-1
-0.005361635,-0.003852201,0.00025211,0.000707335,0.000541708,0.000683755,0.0000768,0.000485286,0.000632302,0.000306395,0.000919593,0.001137451,-1
-0.00581761,-0.004449686,0.000671218,0.001250501,0.000537304,0.000685348,0.0000768,0.000465875,0.000640333,0.000284206,0.001049713,0.001138205,-1
-0.005440252,-0.00418239,0.000584819,-0.001289731,0.00054373,0.000688014,0.0000793,0.000524109,0.000652432,0.00026676,0.00114235,0.001154625,-1
-0.004984277,-0.003710692,0.000166472,0.001206161,0.000539731,0.00068873,0.0000983,0.000504698,0.000628954,0.00028381,0.000916502,0.001029078,-1
-0.004402516,-0.003128931,0.0000831,0.000118817,0.000545931,0.000691235,0.000112368,0.000485286,0.000630466,0.000257607,0.000964993,0.001014741,-1
-0.003899371,-0.002688679,0.000498624,0.00013634,0.000544359,0.000695067,0.00012724,0.000446463,0.000636672,0.000259967,0.001080723,0.001015927,1
-0.003679245,-0.0025,0.000828413,0.001493229,0.000545392,0.000697583,0.000139634,0.000427052,0.000646046,0.000305416,0.001117861,0.001039382,1
-0.003333333,-0.002295597,0.000741664,0.000338966,0.000554199,0.000703297,0.00015368,0.000446463,0.000672225,0.000295214,0.001241678,0.001127989,1
-0.003207547,-0.002216981,0,0.001139856,0.000567903,0.00070818,0.000172683,0.000446463,0.00069509,0.00030145,0.001275943,0.001205599,1
-0.002971698,-0.002169811,-0.000082,0.000738764,0.00054993,0.000703182,0.000182598,0.000562932,0.000676696,0.000305297,0.000986978,0.001114794,1
-0.002562893,-0.001933962,0.000656504,0.001057763,0.00054701,0.000703366,0.000200775,0.000562932,0.000690097,0.000283924,0.001062157,0.001160267,1
-0.002767296,-0.002248428,0.000572052,-0.000220383,0.000559007,0.000710177,0.000211516,0.000485286,0.000676288,0.000378264,0.000985984,0.001088461,1
-0.00245283,-0.001918239,0.000488553,0.000236208,0.00055348,0.000715221,0.000224736,0.00040764,0.00066204,0.000421081,0.000891426,0.001015797,1
-0.002044025,-0.00158805,-0.0000812,0.00020898,0.000553525,0.000709623,0.000242087,0.000368817,0.000682835,0.000381252,0.001125905,0.001090753,1
-0.001619497,-0.001257862,0.0000812,0.000610637,0.000560175,0.000715613,0.000245392,0.00040764,0.000682733,0.000391078,0.001103175,0.001079338,1
-0.001509434,-0.001194969,0.00097408,-0.000487658,0.000551683,0.000717795,0.000263569,0.000427052,0.00070845,0.00036322,0.001206661,0.00116228,1
-0.001289308,-0.001069182,0.000968082,0.000428127,0.00055685,0.000720577,0.000283399,0.000388229,0.000700138,0.000407545,0.001064461,0.001100947,1
-0.001226415,-0.000927673,0.002164856,-0.002930382,0.000550829,0.000724351,0.000293314,0.00040764,0.000705227,0.00043422,0.001040136,0.001098238,1
-0.001179245,-0.000974843,0.000237273,0.001981552,0.000551683,0.000727479,0.000306534,0.000349406,0.000692144,0.000482923,0.00096289,0.001024711,1
-0.001037736,-0.000896226,-0.000789717,0.001598472,0.000555367,0.000732177,0.000324711,0.000388229,0.000717632,0.000437379,0.001161425,0.001119002,1
-0.00091195,-0.000786164,0,0.000967893,0.000565971,0.000738307,0.000337931,0.000368817,0.000716918,0.000404885,0.001114849,0.001107997,1
-0.000283019,-0.000172956,0.000952444,0.00018364,0.000556221,0.000738087,0.000348672,0.000446463,0.000735997,0.000477271,0.001159909,0.001169413,1
-0.000220126,-0.000220126,0.0000789,0.0000193,0.000550155,0.000740073,0.000365196,0.000446463,0.000736345,0.000415602,0.001100423,0.001154182,1
-0.000330189,-0.000330189,0.000236559,0.000308162,0.000564848,0.000748418,0.000373459,0.000388229,0.000744849,0.000493712,0.001092282,0.001166306,1
-0.000613208,-0.000471698,0.000787345,0.000638406,0.000564354,0.000755748,0.000389983,0.000349406,0.000754319,0.000419956,0.001126244,0.001174041,1
-0.000613208,-0.000440252,0.000470053,-0.000162822,0.00056368,0.000748649,0.000402377,0.000310583,0.000730001,0.000526798,0.000901997,0.001051321,1
-0.000503145,-0.000440252,0.000390543,0.000610634,0.000557794,0.000754836,0.000406508,0.000329995,0.000730067,0.000532239,0.000952428,0.00103447,1
-0.000220126,-0.000141509,0.000857066,-0.0000574,0.000553121,0.000757318,0.000427164,0.000388229,0.000733944,0.00044947,0.001060175,0.001042083,1
0.000125786,0.000220126,0.000697434,0.000606952,0.000554019,0.000759453,0.00042799,0.000349406,0.000750244,0.000489639,0.001156654,0.001094757,1
0.000141509,0.000220126,-0.000771505,-0.000323436,0.000543595,0.000762639,0.00042799,0.000291172,0.000769467,0.00047523,0.001218159,0.001155011,1
0.000298742,0.000361635,-0.000697778,-0.0000848,0.000549391,0.000767579,0.00042799,0.000252349,0.000794728,0.000550884,0.001268651,0.001227612,1
0.000534591,0.000566038,0.0000779,-0.000171767,0.000553076,0.000774748,0.00042799,0.000291172,0.000808345,0.000536809,0.001210583,0.00125393,1
0.000455975,0.000503145,0.000856218,0.001653542,0.000561703,0.000783416,0.000427164,0.000291172,0.00081895,0.000461417,0.001151096,0.00126306,1
0.000345912,0.000361635,0.000260893,-0.000815725,0.0005533,0.000783174,0.00042799,0.000446463,0.000830917,0.000549841,0.001150126,0.001280685,1
0.000487421,0.000503145,0.000609804,0.001615106,0.00054364,0.000784513,0.000428816,0.00040764,0.00081206,0.000502838,0.000947172,0.001171356,1
0.000597484,0.00072327,0.000817629,0.000317975,0.000557524,0.000795802,0.000428816,0.000349406,0.000820486,0.000656018,0.001027104,0.001180578,1
0.000283019,0.000440252,0.000471802,0.001133702,0.00056377,0.000806075,0.00042799,0.000291172,0.000857402,0.000553203,0.001310778,0.001303632,1
-0.0000314,0.0000943,0.000649842,0.0000603,0.000560759,0.000799657,0.00042799,0.00027176,0.000886359,0.000630152,0.001353104,0.001372826,1
-0.00077044,-0.000660377,0.000364269,0.0000376,0.000554109,0.000804736,0.00042799,0.000310583,0.000869993,0.000633693,0.00102114,0.00125107,1
-0.000283019,-0.0000943,0.000279968,-0.000068,0.000553121,0.000805059,0.000428816,0.000388229,0.000841137,0.00068238,0.000784466,0.001086907,1
-0.000738994,-0.000361635,0.0000485,0.000326435,0.000555008,0.000811939,0.000408987,0.000349406,0.000852372,0.000886698,0.001012351,0.001098741,1
-0.000990566,-0.000487421,0.000666282,0.000617289,0.000547594,0.000814317,0.000402377,0.000329995,0.000884036,0.000560749,0.001284871,0.001194824,1
-0.000990566,-0.000471698,0.000484786,-0.000647772,0.00055348,0.00081554,0.000387505,0.000310583,0.000897618,0.000737577,0.001231895,0.001216576,1
-0.001383648,-0.000628931,0.001235674,0.000881384,0.000553974,0.000822304,0.000365196,0.000329995,0.000856663,0.000836844,0.00080382,0.001021165,-1
-0.00172956,-0.00077044,0.000455663,0.0000736,0.000564938,0.000830107,0.00034454,0.000388229,0.000848993,0.000628827,0.000844329,0.000976967,-1
-0.001556604,-0.000361635,0.000542092,-0.000417882,0.000556401,0.000829888,0.000319753,0.000485286,0.000795094,0.000955569,0.000645115,0.000755779,-1
-0.00254717,-0.001037736,0.000380161,-0.000537662,0.000551907,0.000839388,0.000240435,0.000465875,0.000766334,0.00076198,0.000658753,0.000647393,-1
-0.003537736,-0.001918239,0.000562583,-0.000375687,0.000567724,0.000854878,0.000209864,0.000485286,0.000761575,0.000904246,0.000904985,0.000648045,-1
-0.003757862,-0.002437107,0.000363896,-0.001190269,0.000570195,0.000860477,0.000182598,0.000388229,0.000799319,0.000834239,0.00127196,0.000833042,-1
-0.003380503,-0.002232704,0.000930423,-0.000891321,0.000565657,0.000853747,0.000157811,0.000446463,0.000808195,0.00078581,0.001220681,0.000899902,-1
-0.003522013,-0.002562893,0.001647521,-0.00037964,0.000570509,0.000856333,0.000159464,0.000485286,0.000735949,0.000937498,0.000577288,0.000634568,-1
-0.003742138,-0.002625786,0.001122869,-0.000829004,0.000575182,0.000857856,0.00016029,0.000562932,0.000728375,0.001213096,0.00073963,0.000642489,-1
-0.00341195,-0.002232704,-0.000234037,-0.002417808,0.000567813,0.000857637,0.000159464,0.000621166,0.000737647,0.000837029,0.001070783,0.000724304,-1
-0.004025157,-0.002751572,0.000134448,-0.006812836,0.000585876,0.000866133,0.000143765,0.000601755,0.000667747,0.00135873,0.000594417,0.000498939,-1
-0.004937107,-0.003238994,-0.001351955,0.0015138,0.000595357,0.000878714,0.0000744,0.000621166,0.000549151,0.001552909,0,0.000109875,-1
-0.005251572,-0.003301887,-0.00278388,-0.001986654,0.000618318,0.000889161,0.0000264,0.000698812,0.000505634,0.001125715,0.000341578,4.79E-05,-1
-0.003757862,-0.002342767,-0.001294579,-0.004588557,0.000671608,0.00091444,0.00000744,0.000834692,0.000509841,0.001096588,0.000915671,0.000188963,-1
-0.003757862,-0.002311321,0.00039792,-0.003741131,0.000648423,0.000919588,0.00000661,0.001087041,0.000463408,0.00108688,0.000735369,0.00010732,-1
-0.004040881,-0.002468553,0.000572745,-0.001028894,0.000635527,0.000922889,0.0000124,0.001164687,0.00040892,0.001203387,0.000510649,0,-1
-0.004103774,-0.002531447,-0.000155233,-0.002484429,0.000654803,0.000938576,0.00000909,0.00120351,0.000446597,0.001572327,0.001104102,0.000277714,-1
-0.004355346,-0.002672956,0.000158346,-0.001258801,0.000669541,0.000938564,0.00000661,0.001125864,0.000491573,0.001349021,0.001463525,0.000584514,1
-0.004889937,-0.003066038,0.000231367,-0.001581482,0.000665138,0.000937052,0.00000909,0.001184098,0.000519378,0.001281059,0.001372483,0.000809866,1
-0.005566038,-0.003977987,0.00130497,-0.000608728,0.000684818,0.000938495,0.0000116,0.001242332,0.000519486,0.001096588,0.001128184,0.000888701,1
-0.005314465,-0.003584906,-0.0000468,0.001731973,0.000683021,0.000934617,0.00000744,0.001281155,0.000560392,0.001038335,0.001309644,0.001127225,1
-0.005377358,-0.003773585,0.000526486,0.001778834,0.000680145,0.00093217,0.00000744,0.001281155,0.000580281,0.001125715,0.00130548,0.001270601,1
-0.005157233,-0.003537736,0.000303599,0.001188813,0.000675517,0.000933105,0.00000661,0.001261744,0.000602163,0.00108688,0.001248139,0.001389405,1
-0.005220126,-0.003553459,0.000472002,0.000513781,0.000685986,0.000936752,0.00000413,0.001261744,0.000589626,0.001096588,0.001023104,0.001320287,1
-0.005267296,-0.003427673,0.000526508,0.000630569,0.000694434,0.000945421,0.00000413,0.001242332,0.000625299,0.000824559,0.001231834,0.00143194,1
-0.005566038,-0.003600629,0.0000818,0.000469341,0.000712991,0.000950292,0.00000413,0.001319978,0.000636984,0.000868577,0.001232622,0.001436675,1
-0.00577044,-0.003805031,0.000102002,0.001845577,0.000690435,0.000941138,0.0000033,0.00147527,0.000612239,0.000882483,0.000906579,0.001275296,1
-0.005628931,-0.003537736,-0.00014965,0.000552892,0.000695377,0.000946275,0.00000496,0.00147527,0.000630616,0.000820479,0.00107428,0.001274869,1
-0.005628931,-0.003584906,0.0000521,0.001030647,0.000715282,0.000954147,0.00000744,0.001417035,0.00066959,0.001009208,0.001358135,0.001363455,1
-0.005801887,-0.003805031,0.0000362,0.000593546,0.000709216,0.000957033,0.0000107,0.001281155,0.000679949,0.001135424,0.001234804,0.001340258,1
-0.005125786,-0.003176101,-0.0000817,0.002264449,0.000705712,0.000955013,0.0000107,0.001222921,0.000621566,0.001242223,0.000675622,0.001049631,1
-0.004842767,-0.002955975,-0.0000658,0.000221929,0.00071654,0.000957576,0.00000909,0.001242332,0.000586337,0.001067462,0.000600097,0.000872385,1
-0.004481132,-0.002515723,0.000293908,0.000672842,0.000710295,0.000954159,0.00000909,0.001281155,0.000628882,0.000919673,0.001201709,0.001032418,1
-0.003993711,-0.002059748,0.000229774,0.000507828,0.000719821,0.000957702,0.00000991,0.001281155,0.000597512,0.000831905,0.00096586,0.000889898,1
-0.003930818,-0.001981132,0.00025397,0.000343246,0.000720629,0.000962527,0.00000991,0.001222921,0.000652648,0.000772207,0.001299479,0.001111149,1
-0.003789308,-0.001650943,0.00054746,-0.000413736,0.000732312,0.000969534,0.00000991,0.001184098,0.00067789,0.00086878,0.00138943,0.001188856,1
-0.004119497,-0.001902516,0.000398403,0.0000637,0.000759855,0.00097706,0.00000991,0.001242332,0.000676264,0.000845622,0.001107878,0.001163341,1
-0.00495283,-0.002814465,0.000631537,0.001481304,0.000779042,0.000986525,0.00000909,0.001222921,0.000722529,0.000785752,0.001339891,0.001333362,1
-0.00509434,-0.002893082,0.000509912,-0.000159797,0.000771942,0.000985625,0.00000826,0.00133939,0.000739622,0.000894302,0.001304692,0.001361502,1
-0.005424528,-0.003349057,0.000505421,-0.000690972,0.000773335,0.000989907,0.00000744,0.001300567,0.000764288,0.000574477,0.001257474,0.001420267,1
-0.005204403,-0.003160377,0.000813451,0.001564513,0.000796116,0.001002985,0.00000578,0.001242332,0.000763454,0.000868502,0.001111273,0.001382663,1
-0.005345912,-0.00331761,0.000738066,-0.000542119,0.00079998,0.001009345,0.00000248,0.001125864,0.000786128,0.000750608,0.001183706,0.001442723,1
-0.004921384,-0.002830189,0.00050027,0.000330715,0.000807259,0.001005894,0.00000165,0.001145275,0.000775079,0.000792786,0.00103579,0.00133915,-1
-0.004654088,-0.002421384,0,0.000414893,0.000816201,0.00101611,0.00000165,0.00120351,0.000760339,0.000835638,0.000897408,0.001212123,-1
-0.004654088,-0.002358491,0.000411955,0.000833787,0.000834354,0.001033747,0,0.001222921,0.000743319,0.000786894,0.000869629,0.001096752,-1
-0.003584906,-0.001572327,0.000495985,0.00091181,0.000882611,0.001056348,0.00000248,0.001184098,0.000699273,0.001048044,0.000679986,0.000868566,-1
-0.003097484,-0.001399371,0.000341438,-0.0000821,0.000881353,0.001060827,0.000000826,0.001145275,0.000646778,0.000999499,0.000532106,0.000642635,-1
-0.003349057,-0.00163522,0.000106165,0.001095165,0.000894384,0.001066587,0,0.001087041,0.000719925,0.000951572,0.001349631,0.000945187,-1
-0.003144654,-0.001415094,0.000290542,-0.0000969,0.000910694,0.00107619,0.000000826,0.001028807,0.00071612,0.000817699,0.001254485,0.000914229,1
-0.003097484,-0.001383648,0.0000374,0.000860172,0.00093033,0.001087295,0,0.001067629,0.000722505,0.000725148,0.001064036,0.000941978,1
-0.003050314,-0.001273585,0.000428333,0.000950847,0.000930824,0.001091069,0.000000826,0.001164687,0.0007554,0.000771995,0.001276834,0.001079169,1
-0.002955975,-0.001163522,0.000336076,0.000438466,0.000924219,0.001093955,0.00000248,0.001145275,0.00078737,0.00076052,0.001359851,0.001209701,1
-0.003286164,-0.001477987,0.000329162,-0.000765143,0.000947359,0.001107379,0.00000496,0.001067629,0.00081305,0.000814055,0.00131439,0.001303311,1
-0.003097484,-0.001273585,0.00026113,0.001201769,0.000957514,0.001112677,0.00000578,0.000951161,0.000806713,0.000725335,0.001077632,0.001268325,1
-0.002688679,-0.001053459,-0.000325186,0.000280578,0.000948438,0.001105059,0.00000744,0.000970572,0.000754151,0.000843384,0.000658607,0.001047558,1
-0.00240566,-0.000974843,-0.000129931,-0.0000751,0.000958592,0.001114051,0.00000744,0.001028807,0.000785257,0.000791557,0.00106634,0.001173671,1
-0.002248428,-0.00081761,0.0000454,0.000418982,0.000978183,0.001119257,0.00000744,0.001067629,0.000795556,0.000709238,0.001207916,0.001199501,1
-0.002484277,-0.000959119,0.000913448,-0.000643888,0.00098717,0.001126529,0.00000496,0.001009395,0.000811916,0.000681859,0.001178676,0.001229795,1
-0.002531447,-0.000880503,0.000750199,-0.0000145,0.000997684,0.001137633,0.00000578,0.000912338,0.000832375,0.000677009,0.001226682,0.001251484,1
-0.00259434,-0.000959119,0.000424024,0.000353833,0.001023835,0.00114696,0.00000744,0.000892926,0.000815265,0.000696117,0.000987523,0.001142637,1
-0.00245283,-0.00091195,-0.000264048,0.000770779,0.001023385,0.001158168,0.00000744,0.000873515,0.000817678,0.000693563,0.000992494,0.001116351,1
-0.00259434,-0.000990566,-0.000019,0.000494937,0.001065847,0.001179892,0.00000744,0.000931749,0.000823685,0.000644037,0.00108242,0.00110582,1
-0.002893082,-0.001163522,0.000311445,-0.000076,0.001053086,0.001177018,0.00000578,0.001087041,0.000866848,0.000735886,0.001344697,0.001252986,1
-0.002955975,-0.001179245,0.000853762,0.000855072,0.001041583,0.001173901,0.00000661,0.001009395,0.000876793,0.00067205,0.001246121,0.001263814,1
-0.002940252,-0.001147799,-0.000442126,0.000607839,0.00106023,0.001190834,0.00000578,0.000931749,0.000909507,0.000664803,0.001287599,0.001371016,1
-0.002672956,-0.001022013,-0.000328299,-0.000190868,0.001080495,0.001194159,0.00000661,0.000834692,0.000926539,0.000748018,0.001258668,0.001401631,1
-0.002971698,-0.001257862,0.0000651,0.0000877,0.001069801,0.001185248,0.0000033,0.000834692,0.000946446,0.0007417,0.001225227,0.001418497,1
-0.003537736,-0.001808176,0.000374278,0.000304261,0.001072047,0.001192716,0.00000165,0.000892926,0.000931766,0.000727132,0.001002028,0.001301684,1
-0.003993711,-0.002138365,0.000307776,-0.000775147,0.001081124,0.001197229,0.00000165,0.000892926,0.000979449,0.000660723,0.00130548,0.001442254,1
-0.004245283,-0.002327044,0.00037536,0.001131128,0.001078293,0.001203635,0.000000826,0.000854104,0.000947785,0.000628644,0.000981177,0.001255507,1
-0.004386792,-0.002484277,0.0000593,0.000771885,0.001086561,0.001211462,0.000000826,0.000815281,0.00097694,0.000641961,0.001123559,0.001329832,1
-0.004040881,-0.002075472,0.0000842,-0.000204585,0.001114688,0.001226121,0.00000165,0.000795869,0.001021945,0.000743643,0.001435036,0.001450527,1
-0.004166667,-0.002044025,0.000290014,0.00048867,0.001109656,0.001231223,0.000000826,0.000737635,0.001051515,0.00061724,0.00138446,0.001494331,1
-0.004449686,-0.002374214,0.00041575,0.00047722,0.001158408,0.001245929,0.00000165,0.000718223,0.001077051,0.000630159,0.001305341,0.001513544,1
-0.004433962,-0.002531447,0.000420682,-0.00071534,0.001152117,0.001245605,0,0.000834692,0.001037579,0.000736114,0.000854051,0.001280255,1
-0.00418239,-0.002311321,0.000116916,0.001372156,0.001154139,0.001251573,0,0.000815281,0.001083707,0.000676439,0.001211553,0.00140574,1
-0.004198113,-0.0025,0.000289735,0.001498999,0.001184289,0.001266048,0.000000826,0.000776458,0.001091443,0.000697405,0.001241229,0.001373483,1
-0.004213836,-0.002625786,0.000337847,0.00023001,0.0012006,0.001272189,0.00000165,0.000621166,0.001098411,0.000694597,0.001106812,0.001341531,1
-0.003977987,-0.00245283,0.000268634,0.000472558,0.001188288,0.001265644,0.00000165,0.000640578,0.001122189,0.000617196,0.001217408,0.001381205,1
-0.004025157,-0.002578616,0.00021308,0.00052577,0.001207429,0.0012728,0.00000248,0.000621166,0.00114419,0.000613892,0.001262044,0.001399886,1
-0.003946541,-0.002625786,0.000196882,0.000227477,0.001214798,0.001279161,0.00000165,0.000698812,0.00112645,0.000645362,0.000988469,0.001269597,1
-0.003757862,-0.002515723,-0.0000305,-0.000120947,0.001191883,0.00128275,0.00000165,0.000659989,0.001170081,0.000563869,0.001267899,0.001378666,1
-0.003946541,-0.002751572,0.00000861,0.000463739,0.001211833,0.001288303,0.00000165,0.000562932,0.001151428,0.000647122,0.001055144,0.001234464,1
-0.003584906,-0.00240566,-0.00000331,0.0000366,0.001225492,0.001296129,0.00000165,0.00054352,0.001178891,0.000909342,0.00115597,0.001296952,1
-0.003632075,-0.002515723,-0.000268183,0.001259462,0.00122374,0.00130489,0.00000165,0.00054352,0.001208605,0.000616968,0.001326374,0.001369168,1
-0.003427673,-0.002531447,-0.000512077,-0.000235562,0.001282557,0.001321638,0.00000413,0.000524109,0.001203407,0.000783415,0.001098889,0.001300845,1
-0.002908805,-0.002106918,-0.000954297,-0.000924176,0.001259686,0.001321523,0.0000033,0.000640578,0.001165052,0.000750271,0.000758099,0.001088067,1
-0.003081761,-0.002279874,0.00029326,-0.000680003,0.001276985,0.001331704,0.0000033,0.000601755,0.001230774,0.000667216,0.001347243,0.001320344,1
-0.003160377,-0.002342767,0.000455778,-0.000497713,0.00129689,0.001344378,0.0000033,0.00054352,0.001208803,0.000743919,0.001107175,0.001182405,1
-0.003018868,-0.002091195,0.00013927,-0.000785822,0.001302057,0.001349907,0.00000413,0.000465875,0.001219377,0.000699113,0.00103108,0.001184554,1
-0.003427673,-0.002389937,0.000523965,-0.000741198,0.001275322,0.001338757,0.00000413,0.000485286,0.001232509,0.000632382,0.001157867,0.00120166,1
-0.003679245,-0.002610063,0.000441933,-0.000571714,0.001295452,0.001345059,0.00000496,0.000465875,0.001205934,0.000710308,0.000899124,0.001063859,1
-0.003600629,-0.002515723,0.000248139,0.000841898,0.001303405,0.001350911,0.00000496,0.000524109,0.001230378,0.000756004,0.001108969,0.001132427,1
-0.003301887,-0.002311321,-0.00000264,-0.000169685,0.001296171,0.001357537,0.00000578,0.000465875,0.001151362,0.000821114,0.000584113,0.000795933,1
-0.003380503,-0.002311321,-0.000344871,-0.000609563,0.001293475,0.001365351,0.00000578,0.000427052,0.001120064,0.00077609,0.000557103,0.000671319,1
-0.00322327,-0.002154088,0.000196651,-0.000562671,0.001291498,0.001369218,0.00000413,0.000427052,0.001215687,0.000832941,0.001572327,0.001073412,1
-0.00336478,-0.002437107,0.00020368,-0.000950179,0.001311403,0.001383797,0.00000413,0.000427052,0.001216317,0.00073681,0.001360014,0.001073357,1
-0.003160377,-0.002311321,-0.000161808,-0.000708166,0.001349551,0.001398791,0.000014,0.000427052,0.001194429,0.000811624,0.000888601,0.000981522,1
-0.002877358,-0.001981132,0.000107763,0.001171217,0.001328523,0.001404724,0.0000223,0.000504698,0.001132193,0.000896679,0.000541119,0.000723045,1
-0.002311321,-0.001430818,-0.000302587,-0.001050696,0.001329916,0.001409272,0.0000256,0.000485286,0.001127386,0.000902891,0.000791958,0.00073959,1
-0.002515723,-0.001713836,0.000324352,-0.001231217,0.001367569,0.00142871,0.000024,0.000465875,0.001203912,0.000898909,0.001532928,0.001073811,1
-0.002484277,-0.001619497,0.000542337,0.000319602,0.001392417,0.001439584,0.0000248,0.000388229,0.001207248,0.000787116,0.001313948,0.0010927,1
-0.002421384,-0.001619497,0.000392353,-0.000226852,0.001392776,0.001431561,0.0000248,0.000349406,0.001226249,0.000765354,0.00117302,0.001177511,1
-0.002154088,-0.001415094,0.000416986,0.000536226,0.001398528,0.001440923,0.0000256,0.000427052,0.00122739,0.000842726,0.001105496,0.001174698,1
-0.001886792,-0.001210692,-0.0000105,0.000302134,0.001397764,0.001448079,0.0000264,0.000446463,0.001272245,0.000674543,0.001339709,0.001354405,1
-0.001981132,-0.001305031,0.000334694,-0.000120222,0.001431104,0.001459345,0.0000273,0.000446463,0.001270654,0.000733574,0.001174154,0.00130431,1
-0.002106918,-0.001399371,0.000292807,-0.000207969,0.001421174,0.001467552,0.0000273,0.00040764,0.001269046,0.00074969,0.001017667,0.001243386,1
-0.002248428,-0.001477987,0.000424042,0.000193281,0.001434609,0.00147487,0.0000273,0.000388229,0.001243768,0.00071014,0.000858234,0.001123403,1
-0.002657233,-0.001808176,0.000269356,-0.000348804,0.001433081,0.001487406,0.0000281,0.000349406,0.001287375,0.000856775,0.001242363,0.001287123,1
-0.003113208,-0.002279874,0.000456602,0.001479847,0.001458153,0.00149993,0.0000388,0.000368817,0.001311393,0.000730088,0.001342376,0.001349121,1
-0.003018868,-0.002216981,0.000805644,-0.000379974,0.001460355,0.001497887,0.0000479,0.000485286,0.001335423,0.000683795,0.001276507,0.001379941,1
-0.002987421,-0.002169811,0.0000477,-0.000585602,0.001441843,0.001499422,0.0000487,0.000446463,0.001386298,0.000670972,0.0014573,0.001507224,1
-0.002735849,-0.001996855,-0.000247989,0.000871451,0.001496211,0.0015211,0.0000595,0.000368817,0.001385746,0.00079122,0.001201406,0.001438995,1
-0.002358491,-0.001603774,0.000238703,0.001517169,0.001498772,0.00152881,0.0000686,0.000291172,0.001398637,0.000633138,0.001118789,0.001425711,1
-0.002216981,-0.001493711,-0.000113373,-0.00000409,0.001512432,0.001518583,0.0000694,0.00027176,0.001415201,0.000772379,0.00118878,0.001429267,1
-0.001902516,-0.001242138,0.000078,0.0000893,0.001514634,0.001523466,0.0000801,0.000329995,0.001422169,0.000785926,0.001136531,0.001389022,1
-0.001965409,-0.001257862,0.00013144,-0.000227884,0.001528473,0.001531858,0.0000892,0.000368817,0.00145031,0.000612786,0.001246787,0.001446812,1
-0.001886792,-0.001210692,0.000660512,-0.00064489,0.001544334,0.00153921,0.0000901,0.000368817,0.00145112,0.000685085,0.001134045,0.001384999,1
-0.001839623,-0.001210692,0.000724421,-0.0000299,0.001525777,0.001545605,0.0000892,0.00027176,0.001479754,0.000643549,0.001229373,0.001433108,1
-0.002028302,-0.001430818,0.000121885,0.002421063,0.001550625,0.001550292,0.0000892,0.000232937,0.001513302,0.000687566,0.001356135,0.001481274,1
-0.001761006,-0.001289308,0.000527971,0.000794833,0.001548827,0.001557552,0.0000901,0.000232937,0.001556705,0.000923214,0.001439037,0.001572327,1
-0.001698113,-0.001352201,0.000317121,0.000710049,0.001572327,0.001572327,0.000101627,0.000252349,0.001572327,0.000632998,0.001285156,0.001545728,1